{
  "urls": [
    "sounds.mp3",
    "sounds.wav"
  ],
  "sprite": {
    "_mac_fix": [
      0,
      2992.0861678004535
    ],
    "big win_ END": [
      3100,
      7123.242630385487
    ],
    "big_win": [
      11200,
      17135.21541950113
    ],
    "btn_any": [
      29300,
      50.20408163265344
    ],
    "btn_start": [
      30400.000000000004,
      434.6258503401366
    ],
    "button_menu": [
      31500.000000000004,
      1358.367346938774
    ],
    "collect_win": [
      33600,
      2139.115646258503
    ],
    "JPWin": [
      36700,
      11202.244897959183
    ],
    "main": [
      48800.00000000001,
      63999.93197278912
    ],
    "reel_stop": [
      112900,
      165.5328798185991
    ],
    "show_win_3": [
      114000.00000000001,
      1936.5986394557808
    ],
    "show_win_4": [
      116100.00000000001,
      1856.190476190477
    ],
    "show_win_5": [
      118200,
      1799.8639455782381
    ],
    "t_btn_any": [
      120300.00000000001,
      889.4784580498936
    ],
    "t_win": [
      121400.00000000001,
      12777.346938775523
    ],
    "t_win_END": [
      134500.00000000003,
      4932.426303854868
    ],
    "take-take": [
      139600.00000000003,
      490.81632653062
    ],
    "wild_drop": [
      140700.00000000003,
      1625.0113378684716
    ],
    "win_1": [
      142800,
      2320.6122448979727
    ],
    "win_2": [
      145900.00000000003,
      2588.934240362818
    ],
    "win_3": [
      149000.00000000003,
      3204.444444444448
    ],
    "win2balance": [
      153100.00000000003,
      2026.031746031748
    ]
  }
}