{
  "urls": [
    "sounds.mp3",
    "sounds.wav"
  ],
  "sprite": {
    "_mac_fix": [
      0,
      2992.0861678004535
    ],
    "bonus_change": [
      3100,
      1338.4126984126988
    ],
    "bonus_line_1": [
      5200,
      2588.1632653061224
    ],
    "bonus_line_10": [
      8300,
      2447.460317460317
    ],
    "bonus_line_2": [
      11400,
      2507.210884353741
    ],
    "bonus_line_3": [
      14500,
      2540.4081632653047
    ],
    "bonus_line_4": [
      17599.999999999996,
      2548.7301587301586
    ],
    "bonus_line_5": [
      20700,
      2656.666666666666
    ],
    "bonus_line_6": [
      23799.999999999996,
      2474.0136054421773
    ],
    "bonus_line_7": [
      26900,
      2640.453514739228
    ],
    "bonus_line_8": [
      29999.999999999996,
      2578.3673469387727
    ],
    "bonus_line_9": [
      33099.99999999999,
      2555.600907029479
    ],
    "btn_any": [
      36199.99999999999,
      1384.4897959183697
    ],
    "btn_start": [
      38300,
      648.4353741496634
    ],
    "button_menu": [
      39400,
      1358.3673469387777
    ],
    "choise_symbol_final_1": [
      41500,
      3939.841269841267
    ],
    "choise_symbol_final_2": [
      45599.99999999999,
      5107.573696145124
    ],
    "choise_symbol_final_3": [
      51699.99999999999,
      6008.571428571429
    ],
    "choise_symbol_final_4": [
      58800,
      6008.571428571429
    ],
    "choise_symbol_final_5": [
      65899.99999999999,
      6709.501133786845
    ],
    "collect_win": [
      72999.99999999999,
      2769.13832199547
    ],
    "free_end": [
      76100,
      5662.471655328801
    ],
    "free_start": [
      82200,
      5840.8616780045295
    ],
    "free-in-free": [
      88300,
      4845.986394557826
    ],
    "intro": [
      93400,
      8893.197278911572
    ],
    "JPWin": [
      102500.00000000001,
      11202.244897959175
    ],
    "music_bg": [
      114600.00000000001,
      117132.69841269842
    ],
    "music_choise_bonus_symbol": [
      232700.00000000003,
      14485.192743764173
    ],
    "music_free": [
      247800,
      60004.693877551006
    ],
    "on_choise_bonus_symbol": [
      308900,
      2627.210884353758
    ],
    "reel_stop": [
      312000,
      420.2947845805056
    ],
    "scatter_1": [
      313100,
      1322.834467120174
    ],
    "scatter_2": [
      315200,
      1693.7188208617044
    ],
    "scatter_3": [
      317300,
      1756.7346938775472
    ],
    "scatter_4": [
      319400.00000000006,
      2187.256235827647
    ],
    "scatter_5": [
      322500,
      2437.5736961451366
    ],
    "scatter_join": [
      325600,
      4867.210884353767
    ],
    "scatter_wait": [
      330700.00000000006,
      20329.86394557821
    ],
    "t_btn_any": [
      351800,
      889.4784580498936
    ],
    "t_win": [
      352900.00000000006,
      12777.346938775509
    ],
    "t_win_END": [
      366000.00000000006,
      4932.426303854868
    ],
    "take-take": [
      371100,
      490.8163265305916
    ],
    "win_3_1": [
      372200,
      3306.3038548752957
    ],
    "win_3_2": [
      376300,
      3378.1405895691705
    ],
    "win_3_3": [
      380400.00000000006,
      3493.1292517006796
    ],
    "win_3_4": [
      384500.00000000006,
      3854.4897959183686
    ],
    "win_3_5": [
      388600.00000000006,
      4684.104308390033
    ],
    "win_5_1": [
      393700.0000000001,
      5214.217687074835
    ],
    "win_5_2": [
      399800.0000000001,
      6180.04535147395
    ],
    "win2balance": [
      406900.0000000002,
      2026.0317460317196
    ]
  }
}